Player,Position,Price,Year,Owner
Robert Griffin III,QB,7,2014,Naki
LeSean McCoy,RB,68,2014,Naki
Frank Gore,RB,31,2014,Naki
Keenan Allen,WR,26,2014,Naki
Golden Tate,WR,6,2014,Naki
Riley Cooper,WR,8,2014,Naki
Jason Witten,TE,10,2014,Naki
Justin Tucker,K,1,2014,Naki
Greg Olsen,TE,10,2014,Naki
Joique Bell,RB,9,2014,Naki
Michael Floyd,WR,5,2014,Naki
Carlos Hyde,RB,4,2014,Naki
Andy Dalton,QB,3,2014,Naki
Emmanuel Sanders,WR,6,2014,Naki
Fred Jackson,RB,5,2014,Naki
Jay Cutler,QB,10,2014,Alec
Matt Forte,RB,58,2014,Alec
Toby Gerhart,RB,18,2014,Alec
Dez Bryant,WR,46,2014,Alec
Victor Cruz,WR,30,2014,Alec
Rashad Jennings,RB,21,2014,Alec
Dennis Pitta,TE,5,2014,Alec
Mason Crosby,K,1,2014,Alec
Devonta Freeman,RB,1,2014,Alec
Donald Brown,RB,3,2014,Alec
Reuben Randle,WR,1,2014,Alec
Marvin Jones,WR,2,2014,Alec
James White,RB,1,2014,Alec
Andrew Hawkins,WR,1,2014,Alec
Knile Davis,RB,1,2014,Alec
Colin Kaepernick,QB,10,2014,Mount
Ben Tate,RB,18,2014,Mount
Giovani Bernard,RB,40,2014,Mount
Calvin Johnson,WR,58,2014,Mount
Randall Cobb,WR,34,2014,Mount
Ray Rice,RB,15,2014,Mount
Kyle Rudolph,TE,1,2014,Mount
Blair Walsh,K,1,2014,Mount
Lamar Miller,RB,6,2014,Mount
Marques Colston,WR,5,2014,Mount
DeAndre Hopkins,WR,3,2014,Mount
Markus Wheaton,WR,2,2014,Mount
Aaron Dobson,WR,2,2014,Mount
Tre Mason,RB,1,2014,Mount
Andre Brown,RB,1,2014,Mount
Matt Ryan,QB,8,2014,Babcock
LeVeon Bell,RB,36,2014,Babcock
Montee Ball,RB,42,2014,Babcock
Michael Crabtree,WR,24,2014,Babcock
TY Hilton,WR,7,2014,Babcock
Chris Johnson,RB,21,2014,Babcock
Zach Ertz,TE,9,2014,Babcock
Greg Zuerlein,K,1,2014,Babcock
Maurice Jones-Drew,RB,8,2014,Babcock
Eric Decker,WR,5,2014,Babcock
Julian Edelman,WR,7,2014,Babcock
Stevan Ridley,RB,6,2014,Babcock
Torrey Smith,WR,7,2014,Babcock
Kenny Britt,WR,3,2014,Babcock
Kelvin Benjamin,WR,6,2014,Babcock
Andrew Luck,QB,21,2014,Casey
Eddie Lacy,RB,52,2014,Casey
Ryan Mathews,RB,22,2014,Casey
Demaryius Thomas,WR,47,2014,Casey
Vincent Jackson,WR,27,2014,Casey
Pierre Thomas,WR,3,2014,Casey
Vernon Davis,TE,15,2014,Casey
Phil Dawson,K,1,2014,Casey
Justin Hunter,WR,1,2014,Casey
Danny Woodhead,RB,4,2014,Casey
Jared Cook,TE,1,2014,Casey
Alex Smith,QB,1,2014,Casey
Steve Smith,WR,2,2014,Casey
Jarrett Boykin,WR,1,2014,Casey
Ahmad Bradshaw,RB,1,2014,Casey
Peyton Manning,QB,45,2014,Jordan
DeMarco Murray,RB,43,2014,Jordan
Arian Foster,RB,36,2014,Jordan
Roddy White,WR,20,2014,Jordan
Percy Harvin,WR,22,2014,Jordan
Hakeem Nicks,WR,2,2014,Jordan
Martellus Bennett,TE,1,2014,Jordan
Sebastian Janikowski,K,1,2014,Jordan
Russell Wilson,QB,7,2014,Jordan
Darren McFadden,RB,6,2014,Jordan
Khiry Robinson,RB,3,2014,Jordan
Rod Streeter,WR,2,2014,Jordan
Jonathan Stewart,RB,2,2014,Jordan
DeAngelo Williams,RB,4,2014,Jordan
Mike Wallace,WR,5,2014,Jordan
Cam Newton,QB,13,2014,Oatman
Adrian Peterson,RB,66,2014,Oatman
Zac Stacy,RB,38,2014,Oatman
Antonio Brown,WR,36,2014,Oatman
Andre Johnson,WR,27,2014,Oatman
Brandin Cooks,WR,5,2014,Oatman
Heath Miller,TE,1,2014,Oatman
Nick Novak,K,1,2014,Oatman
Kendall Wright,WR,5,2014,Oatman
Christine Michael,RB,2,2014,Oatman
Mark Ingram,RB,1,2014,Oatman
Andrew Quarless,TE,1,2014,Oatman
Stepfan Taylor,RB,1,2014,Oatman
Jonathan Grimes,RB,1,2014,Oatman
Brian Hartline,WR,1,2014,Oatman
Tony Romo,QB,9,2014,Kooper
CJ Spiller,RB,24,2014,Kooper
Trent Richardson,RB,12,2014,Kooper
AJ Green,WR,45,2014,Kooper
Julio Jones,WR,35,2014,Kooper
Jeremy Maclin,WR,18,2014,Kooper
Rob Gronkowski,TE,22,2014,Kooper
Stephen Gostkowski,K,2,2014,Kooper
Tom Brady,QB,6,2014,Kooper
Terrance West,RB,2,2014,Kooper
Mike Evans,WR,4,2014,Kooper
Steven Jackson,RB,8,2014,Kooper
Johnny Manziel,QB,1,2014,Kooper
Reggie Wayne,WR,6,2014,Kooper
Shonn Greene,RB,1,2014,Kooper
Aaron Rodgers,QB,37,2014,Sirpi
Alfred Morris,RB,37,2014,Sirpi
Bishop Sankey,RB,9,2014,Sirpi
Alshon Jeffery,WR,32,2014,Sirpi
Cordarrelle Patterson,WR,30,2014,Sirpi
James Starks,RB,2,2014,Sirpi
Julius Thomas,TE,30,2014,Sirpi
Shane Graham,K,1,2014,Sirpi
Terrance Williams,WR,7,2014,Sirpi
Marvin McNutt,WR,1,2014,Sirpi
Ka'Deem Carey,RB,2,2014,Sirpi
Kenny Stills,WR,1,2014,Sirpi
Andre Holmes,WR,3,2014,Sirpi
Jordan Matthews,WR,2,2014,Sirpi
Dexter McCluster,RB,5,2014,Sirpi
Matt Stafford,QB,24,2014,Badillo
Marshawn Lynch,RB,58,2014,Badillo
Shane Vereen,RB,9,2014,Badillo
Jordy Nelson,WR,38,2014,Badillo
Larry Fitzgerald,WR,24,2014,Badillo
Pierre Garcon,WR,30,2014,Badillo
Charles Clay,TE,1,2014,Badillo
Adam Vinatieri,K,1,2014,Badillo
Danny Amendola,WR,4,2014,Badillo
Ben Roethlisberger,QB,1,2014,Badillo
Andre Williams,RB,3,2014,Badillo
Knowshon Moreno,RB,1,2014,Badillo
LaDarius Green,TE,2,2014,Badillo
Stevie Johnson,WR,1,2014,Badillo
Greg Jennings,WR,1,2014,Badillo
Drew Brees,QB,40,2014,Steven
Reggie Bush,RB,30,2014,Steven
Darren Sproles,RB,1,2014,Steven
Brandon Marshall,WR,39,2014,Steven
Cecil Shorts,WR,3,2014,Steven
DeSean Jackson,WR,20,2014,Steven
Jimmy Graham,TE,49,2014,Steven
Matt Prater,K,3,2014,Steven
Josh Gordon,WR,8,2014,Steven
Tavon Austin,WR,1,2014,Steven
Marquise Lee,WR,1,2014,Steven
Kenbrell Thompkins,WR,1,2014,Steven
Doug Baldwin,WR,1,2014,Steven
Chris Ivory,RB,1,2014,Steven
Teddy Bridgewater,QB,1,2014,Steven
Philip Rivers,QB,5,2014,Graysmark
Jamaal Charles,RB,67,2014,Graysmark
Doug Martin,RB,38,2014,Graysmark
Sammy Watkins,WR,9,2014,Graysmark
Wes Welker,WR,20,2014,Graysmark
Andre Ellington,RB,20,2014,Graysmark
Jordan Cameron,TE,10,2014,Graysmark
Steven Hauschka,K,2,2014,Graysmark
Nick Foles,QB,10,2014,Graysmark
Bernard Pierce,RB,4,2014,Graysmark
Jeremy Hill,RB,1,2014,Graysmark
Jordan Reed,TE,2,2014,Graysmark
LeGarrette Blount,RB,1,2014,Graysmark
Anquan Boldin,WR,2,2014,Graysmark
Dwayne Bowe,WR,1,2014,Graysmark
Matt Stafford,QB,9,2015,Naki
Jamaal Charles,RB,62,2015,Naki
Giovani Bernard,RB,9,2015,Naki
Odell Beckham Jr.,WR,44,2015,Naki
Julio Jones,WR,50,2015,Naki
Larry Fitzgerald,WR,3,2015,Naki
Martellus Bennett,TE,10,2015,Naki
Justin Tucker,K,2,2015,Naki
Knile Davis,RB,2,2015,Naki
Doug Baldwin,WR,2,2015,Naki
DeAngelo Williams,RB,1,2015,Naki
Terrance West,RB,1,2015,Naki
Devin Funchess,WR,1,2015,Naki
Denard Robinson,RB,1,2015,Naki
Aaron Rodgers,QB,30,2015,Alec
Arian Foster,RB,49,2015,Alec
LaGarrette Blount,RB,15,2015,Alec
Dez Bryant,WR,45,2015,Alec
Jordan Matthews,WR,28,2015,Alec
Nelson Agholor,WR,10,2015,Alec
Tyler Eifert,TE,1,2015,Alec
Matt Prater,K,1,2015,Alec
Isaiah Crowell,RB,14,2015,Alec
Breshad Perriman,WR,1,2015,Alec
Duke Johnson,RB,1,2015,Alec
Percy Harvin,WR,1,2015,Alec
Marvin Jones,WR,1,2015,Alec
Cameron Artis-Payne,RB,1,2015,Alec
Khiry Robinson,RB,1,2015,Alec
Ryan Tannehill,QB,8,2015,Mount
Jonathan Stewart,RB,23,2015,Mount
Joseph Randle,RB,23,2015,Mount
Alshon Jeffery,WR,40,2015,Mount
AJ Green,WR,41,2015,Mount
Frank Gore,RB,27,2015,Mount
Jason Witten,TE,6,2015,Mount
Matt Bryant,K,1,2015,Mount
Philip Rivers,QB,1,2015,Mount
Malcolm Floyd,WR,3,2015,Mount
Martavis Bryant,WR,5,2015,Mount
CJ Spiller,RB,8,2015,Mount
Chris Ivory,RB,7,2015,Mount
Ryan Mathews,RB,2,2015,Mount
Brandon LaFell,WR,2,2015,Mount
Peyton Manning,QB,25,2015,Babcock
LeSean McCoy,RB,52,2015,Babcock
Latavius Murray,RB,23,2015,Babcock
Allen Robinson,WR,9,2015,Babcock
Amari Cooper,WR,15,2015,Babcock
DeAndre Hopkins,WR,29,2015,Babcock
Greg Olsen,TE,10,2015,Babcock
Cody Parkey,K,2,2015,Babcock
Owen Daniels,TE,4,2015,Babcock
Tom Brady,QB,6,2015,Babcock
Kendall Wright,WR,9,2015,Babcock
David Cobb,RB,1,2015,Babcock
Shane Vereen,RB,7,2015,Babcock
Andrew Luck,QB,26,2015,Casey
Marshawn Lynch,RB,55,2015,Casey
Todd Gurley,RB,14,2015,Casey
Demaryius Thomas,WR,50,2015,Casey
Sammy Watkins,WR,21,2015,Casey
Torrey Smith,WR,5,2015,Casey
Travis Kelce,TE,14,2015,Casey
Dan Bailey,K,1,2015,Casey
Tre Mason,RB,6,2015,Casey
Pierre Garcon,WR,1,2015,Casey
Dan Herron,RB,1,2015,Casey
Kenny Britt,WR,1,2015,Casey
Donte Moncrief,WR,1,2015,Casey
Stevie Johnson,WR,1,2015,Casey
Marcus Mariota,QB,1,2015,Casey
Matt Ryan,QB,8,2015,Jordan
Matt Forte,RB,50,2015,Jordan
Eddie Lacy,RB,60,2015,Jordan
Mike Evans,WR,31,2015,Jordan
Jeremy Maclin,WR,18,2015,Jordan
Darren Sproles,RB,5,2015,Jordan
Dwayne Allen,TE,5,2015,Jordan
Mason Crosby,K,2,2015,Jordan
Darren McFadden,RB,7,2015,Jordan
Vincent Jackson,WR,8,2015,Jordan
Fred Jackson,RB,1,2015,Jordan
Jeremy Langford,RB,1,2015,Jordan
James Starks,RB,1,2015,Jordan
Reggie Bush,RB,1,2015,Jordan
Brian Quick,WR,1,2015,Jordan
Carson Palmer,QB,1,2015,Oatman
Melvin Gordon,RB,30,2015,Oatman
Alfred Morris,RB,34,2015,Oatman
Jordy Nelson,WR,45,2015,Oatman
Andre Johnson,WR,11,2015,Oatman
Carlos Hyde,RB,29,2015,Oatman
Antonio Gates,TE,2,2015,Oatman
Conner Barth,K,1,2015,Oatman
Brandin Cooks,WR,35,2015,Oatman
Terrance Williams,WR,2,2015,Oatman
Bishop Sankey,RB,3,2015,Oatman
Alfred Blue,RB,2,2015,Oatman
Delanie Walker,TE,1,2015,Oatman
Roddy White,WR,2,2015,Oatman
Jerrick McKinnon,RB,1,2015,Oatman
Eli Manning,QB,2,2015,Kooper
Adrian Peterson,RB,63,2015,Kooper
Rashad Jennings,RB,13,2015,Kooper
Keenan Allen,WR,9,2015,Kooper
Randall Cobb,WR,34,2015,Kooper
Michael Floyd,WR,3,2015,Kooper
Jimmy Graham,TE,27,2015,Kooper
Stephen Gostkowski,K,2,2015,Kooper
Julian Edelman,WR,12,2015,Kooper
Doug Martin,RB,8,2015,Kooper
Golden Tate,WR,10,2015,Kooper
Victor Cruz,WR,3,2015,Kooper
Sam Bradford,QB,1,2015,Kooper
Eric Decker,WR,6,2015,Kooper
Ben Roethlisberger,QB,10,2015,Sirpi
Lamar Miller,RB,35,2015,Sirpi
Andre Ellington,RB,21,2015,Sirpi
DeSean Jackson,WR,14,2015,Sirpi
Antonio Brown,WR,55,2015,Sirpi
TY Hilton,WR,30,2015,Sirpi
Jordan Cameron,TE,7,2015,Sirpi
Graham Gano,K,1,2015,Sirpi
Devante Adams,WR,3,2015,Sirpi
Tevin Coleman,RB,11,2015,Sirpi
Jarvis Landry,WR,7,2015,Sirpi
Jay Ajayi,RB,2,2015,Sirpi
Shane Graham,K,1,2015,Sirpi
Phillip Dorsett,WR,1,2015,Sirpi
Cam Newton,QB,15,2015,Badillo
Joique Bell,RB,20,2015,Badillo
Justin Forsett,RB,33,2015,Badillo
Calvin Johnson,WR,47,2015,Badillo
Emmanuel Sanders,WR,29,2015,Badillo
Kelvin Benjamin,WR,28,2015,Badillo
Zach Ertz,TE,7,2015,Badillo
Adam Vinatieri,K,1,2015,Badillo
Ameer Abdullah,RB,10,2015,Badillo
Andy Dalton,QB,1,2015,Badillo
Coby Fleener,TE,1,2015,Badillo
Lorenzo Talifiero,RB,1,2015,Badillo
Danny Woodhead,RB,1,2015,Badillo
Greg Jennings,WR,1,2015,Badillo
Drew Brees,QB,20,2015,Steven
LeVeon Bell,RB,60,2015,Steven
Demarco Murray,RB,55,2015,Steven
Brandon Marshall,WR,8,2015,Steven
Kenny Stills,WR,4,2015,Steven
Mark Ingram,RB,31,2015,Steven
Julius Thomas,TE,6,2015,Steven
Caleb Surgis,K,1,2015,Steven
Anquan Boldin,WR,5,2015,Steven
Charles Johnson,WR,1,2015,Steven
Marquise Lee,WR,1,2015,Steven
Dwayne Bowe,WR,1,2015,Steven
Cody Latimer,WR,1,2015,Steven
Josh Hill,TE,1,2015,Steven
Heath Miller,TE,1,2015,Steven
Russell Wilson,QB,20,2015,Graysmark
CJ Anderson,RB,49,2015,Graysmark
Jeremy Hill,RB,48,2015,Graysmark
Kevin White,WR,3,2015,Graysmark
Mike Wallace,WR,7,2015,Graysmark
TJ Yeldon,RB,13,2015,Graysmark
Rob Gronkowski,TE,34,2015,Graysmark
Steven Hauschka,K,1,2015,Graysmark
Tony Romo,QB,10,2015,Graysmark
John Brown,WR,3,2015,Graysmark
Montee Ball,RB,3,2015,Graysmark
Marques Colston,WR,2,2015,Graysmark
Steve Smith,WR,2,2015,Graysmark
Devonta Freeman,RB,2,2015,Graysmark
Charles Sims,RB,1,2015,Graysmark
Andy Dalton,QB,3,2016,Naki
Jeremy Langford,RB,19,2016,Naki
Adrian Peterson,RB,57,2016,Naki
AJ Green,WR,48,2016,Naki
Julio Jones,WR,59,2016,Naki
Michael Crabtree,WR,3,2016,Naki
Julius Thomas,TE,1,2016,Naki
Justin Tucker,K,2,2016,Naki
Jordan Howard,RB,1,2016,Naki
Markus Wheaton,WR,1,2016,Naki
Eli Manning,QB,1,2016,Naki
Kamar Aiken,WR,1,2016,Naki
Jerrick McKinnon,RB,1,2016,Naki
Terrance Williams,WR,1,2016,Naki
Eric Ebron,TE,1,2016,Naki
Ben Roethlisberger,QB,3,2016,Alec
Jonathan Stewart,RB,21,2016,Alec
Mark Ingram,RB,37,2016,Alec
Antonio Brown,WR,60,2016,Alec
Sammy Watkins,WR,26,2016,Alec
Frank Gore,RB,14,2016,Alec
Delanie Walker,TE,10,2016,Alec
Dan Bailey,K,1,2016,Alec
Melvin Gordon,RB,8,2016,Alec
Chris Ivory,RB,6,2016,Alec
Devante Parker,WR,9,2016,Alec
Sterling Shepard,WR,1,2016,Alec
Rashad Jennings,RB,1,2016,Alec
Corey Coleman,WR,1,2016,Alec
Kenyan Drake,RB,1,2016,Alec
Russell Wilson,QB,2,2016,Mount
Jeremy Hill,RB,15,2016,Mount
LeSean McCoy,RB,36,2016,Mount
Alshon Jeffery,WR,38,2016,Mount
Jordy Nelson,WR,42,2016,Mount
Carlos Hyde,RB,19,2016,Mount
Gary Barnidge,TE,3,2016,Mount
Josh Brown,K,1,2016,Mount
DeAngelo Williams,RB,9,2016,Mount
Michael Floyd,WR,7,2016,Mount
Tyler Lockett,WR,11,2016,Mount
Giovani Bernard,RB,5,2016,Mount
Charles Sims,RB,3,2016,Mount
Duke Johnson,RB,2,2016,Mount
Willie Snead,WR,5,2016,Mount
Philip Rivers,QB,1,2016,Babcock
CJ Anderson,RB,22,2016,Babcock
LeVeon Bell,RB,40,2016,Babcock
Brandin Cooks,WR,40,2016,Babcock
Jarvis Landry,WR,19,2016,Babcock
Keenan Allen,WR,29,2016,Babcock
Tyler Eifert,TE,4,2016,Babcock
Roberto Aguiro,K,1,2016,Babcock
Isaiah Crowell,RB,3,2016,Babcock
Jay Ajayi,RB,6,2016,Babcock
Matt Jones,RB,9,2016,Babcock
Jordan Matthews,WR,12,2016,Babcock
Larry Fitzgerald,WR,3,2016,Babcock
DeSean Jackson,WR,4,2016,Babcock
Drew Brees,QB,6,2016,Babcock
Andrew Luck,QB,14,2016,Casey
Devonta Freeman,RB,40,2016,Casey
Lamar Miller,RB,48,2016,Casey
Devin Funchess,WR,4,2016,Casey
Emmanuel Sanders,WR,11,2016,Casey
TY Hilton,WR,23,2016,Casey
Coby Fleener,TE,5,2016,Casey
Blair Walsh,K,1,2016,Casey
Randall Cobb,WR,19,2016,Casey
Dion Lewis,RB,20,2016,Casey
Allen Hurns,WR,4,2016,Casey
Justin Forsett,RB,5,2016,Casey
LaQuan Treadwell,WR,3,2016,Casey
Donte Moncrief,WR,1,2016,Casey
Jared Goff,QB,1,2016,Casey
Cam Newton,QB,26,2016,Jordan
Arian Foster,RB,12,2016,Jordan
Thomas Rawls,RB,36,2016,Jordan
Odell Beckham Jr.,WR,51,2016,Jordan
Doug Baldwin,WR,12,2016,Jordan
Danny Woodhead,RB,5,2016,Jordan
Rob Gronkowski,TE,42,2016,Jordan
Chandler Catanzaro,K,2,2016,Jordan
CJ Procise,RB,5,2016,Jordan
Darren McFadden,RB,2,2016,Jordan
Karlos Williams,RB,1,2016,Jordan
Mohammed Sanu,WR,1,2016,Jordan
Pierre Garcon,WR,1,2016,Jordan
Will Fuller,WR,1,2016,Jordan
Josh Doctson,WR,1,2016,Jordan
Kirk Cousins,QB,1,2016,Oatman
Ezekiel Elliott,RB,47,2016,Oatman
David Johnson,RB,53,2016,Oatman
DeAndre Hopkins,WR,53,2016,Oatman
Demaryius Thomas,WR,23,2016,Oatman
John Brown,WR,4,2016,Oatman
Zach Miller,TE,1,2016,Oatman
Chris Boswell,K,1,2016,Oatman
Eric Decker,WR,10,2016,Oatman
Torrey Smith,WR,1,2016,Oatman
Kevin White,WR,1,2016,Oatman
Mike Wallace,WR,1,2016,Oatman
Keith Marshall,RB,1,2016,Oatman
Darren Sproles,RB,1,2016,Oatman
Josh Gordon,WR,1,2016,Oatman
Tom Brady,QB,4,2016,Kooper
Jamaal Charles,RB,47,2016,Kooper
DeMarco Murray,RB,22,2016,Kooper
Dez Bryant,WR,40,2016,Kooper
Robert Woods,WR,2,2016,Kooper
Matt Forte,RB,27,2016,Kooper
Greg Olsen,TE,13,2016,Kooper
Stephen Gostkowski,K,4,2016,Kooper
Charcandrick West,RB,4,2016,Kooper
Steve Smith,WR,2,2016,Kooper
Julian Edelman,WR,14,2016,Kooper
Derrick Henry,RB,5,2016,Kooper
Alfred Morris,RB,3,2016,Kooper
Ryan Mathews,RB,8,2016,Kooper
Vincent Jackson,WR,2,2016,Kooper
Blake Bortles,QB,2,2016,Sirpi
Doug Martin,RB,36,2016,Sirpi
Latavius Murray,RB,20,2016,Sirpi
Allen Robinson,WR,35,2016,Sirpi
Amari Cooper,WR,25,2016,Sirpi
Eddie Lacy,RB,35,2016,Sirpi
Travis Kelce,TE,8,2016,Sirpi
Steven Hauschka,K,1,2016,Sirpi
Golden Tate,WR,13,2016,Sirpi
Kelvin Benjamin,WR,17,2016,Sirpi
Carson Palmer,QB,2,2016,Sirpi
Antonio Gates,TE,1,2016,Sirpi
Tevin Coleman,RB,1,2016,Sirpi
Dorial Green-Beckham,WR,1,2016,Sirpi
Aaron Rodgers,QB,16,2016,Badillo
Todd Gurley,RB,52,2016,Badillo
TJ Yeldon,RB,8,2016,Badillo
Jeremy Maclin,WR,20,2016,Badillo
Brandon Marshall,WR,28,2016,Badillo
Mike Evans,WR,30,2016,Badillo
Jordan Reed,TE,22,2016,Badillo
Graham Gano,K,2,2016,Badillo
Tre Mason,RB,3,2016,Badillo
Benny Cunningham,RB,3,2016,Badillo
Ameer Abdullah,RB,10,2016,Badillo
Marvin Jones,WR,1,2016,Badillo
Jameis Winston,QB,1,2016,Badillo
James Starks,RB,1,2016,Badillo
Stefon Diggs,WR,1,2016,Badillo
Kirk Cousins,QB,3,2017,Naki
Melvin Gordon,RB,49,2017,Naki
Jordan Howard,RB,50,2017,Naki
Julio Jones,WR,58,2017,Naki
DeAndre Hopkins,WR,17,2017,Naki
Frank Gore,RB,12,2017,Naki
Zach Ertz,TE,1,2017,Naki
Adam Vinatieri,K,2,2017,Naki
Stefon Diggs,WR,1,2017,Naki
D'Onta Foreman,RB,1,2017,Naki
Mike Wallace,WR,1,2017,Naki
Amara Darboh,WR,1,2017,Naki
Marvin Jones,WR,1,2017,Naki
Alvin Kamara,RB,1,2017,Naki
Jordan Matthews,WR,1,2017,Naki
Drew Brees,QB,13,2017,Alec
LeVeon Bell,RB,72,2017,Alec
Isaiah Crowell,RB,27,2017,Alec
Jamison Crowder,WR,12,2017,Alec
Demaryius Thomas,WR,25,2017,Alec
Ty Montgomery,RB,19,2017,Alec
Jimmy Graham,TE,5,2017,Alec
Brandon McManus,K,1,2017,Alec
Ameer Abdullah,RB,8,2017,Alec
Keenan Allen,WR,11,2017,Alec
Jaquizz Rodgers,RB,2,2017,Alec
DeSean Jackson,WR,1,2017,Alec
Cameron Meredith,WR,1,2017,Alec
Thomas Rawls,RB,1,2017,Alec
Kenny Britt,WR,1,2017,Alec
Aaron Rodgers,QB,22,2017,Mount
LeSean McCoy,RB,52,2017,Mount
Mark Ingram,RB,23,2017,Mount
Davante Adams,WR,22,2017,Mount
Dez Bryant,WR,35,2017,Mount
Bilal Powell,RB,9,2017,Mount
Hunter Henry,TE,1,2017,Mount
Stephen Gostkowski,K,5,2017,Mount
Sammy Watkins,WR,10,2017,Mount
Paul Perkins,RB,1,2017,Mount
Doug Martin,RB,4,2017,Mount
Martavis Bryant,WR,6,2017,Mount
Willie Snead,WR,1,2017,Mount
John Brown,WR,5,2017,Mount
Matt Ryan,QB,5,2017,Babcock
Todd Gurley,RB,36,2017,Babcock
Marshawn Lynch,RB,42,2017,Babcock
Tyreek Hill,WR,24,2017,Babcock
Pierre Garcon,WR,8,2017,Babcock
Mike Gillislee,RB,20,2017,Babcock
Tyler Eifert,TE,8,2017,Babcock
Justin Tucker,K,5,2017,Babcock
Allen Robinson,WR,21,2017,Babcock
Alshon Jeffery,WR,14,2017,Babcock
Jeremy Maclin,WR,2,2017,Babcock
Samaje Perine,RB,3,2017,Babcock
Corey Coleman,WR,2,2017,Babcock
Kelvin Benjamin,WR,6,2017,Babcock
Brandon Marshall,WR,3,2017,Babcock
Andrew Luck,QB,17,2017,Casey
Ezekiel Elliott,RB,63,2017,Casey
Dalvin Cook,RB,22,2017,Casey
Donte Moncrief,WR,8,2017,Casey
Amari Cooper,WR,31,2017,Casey
Spencer Ware,RB,17,2017,Casey
Kyle Rudolph,TE,2,2017,Casey
Sebastian Janikowski,K,1,2017,Casey
Marcus Mariota,QB,3,2017,Casey
Emmanuel Sanders,WR,10,2017,Casey
Michael Crabtree,WR,9,2017,Casey
Julian Edelman,WR,4,2017,Casey
Darren McFadden,RB,6,2017,Casey
Theo Riddick,RB,1,2017,Casey
Tyrell Williams,WR,2,2017,Casey
Russell Wilson,QB,6,2017,Jordan
Terrance West,RB,5,2017,Jordan
Jay Ajayi,RB,39,2017,Jordan
Doug Baldwin,WR,26,2017,Jordan
AJ Green,WR,49,2017,Jordan
Leonard Fournette,RB,33,2017,Jordan
Jordan Reed,TE,15,2017,Jordan
Matt Bryant,K,3,2017,Jordan
Danny Woodhead,RB,5,2017,Jordan
Matt Forte,RB,2,2017,Jordan
Jarvis Landry,WR,4,2017,Jordan
Randall Cobb,WR,1,2017,Jordan
Larry Fitzgerald,WR,2,2017,Jordan
Jamaal Charles,RB,5,2017,Jordan
Adam Thielen,WR,1,2017,Jordan
Tom Brady,QB,16,2017,Oatman
Carlos Hyde,RB,24,2017,Oatman
LeGarrette Blount,RB,12,2017,Oatman
Mike Evans,WR,45,2017,Oatman
Brandin Cooks,WR,28,2017,Oatman
Terrelle Pryor,WR,25,2017,Oatman
Greg Olsen,TE,13,2017,Oatman
Dustin Hopkins,K,1,2017,Oatman
Joe Mixon,RB,22,2017,Oatman
Adrian Peterson,RB,7,2017,Oatman
CJ Procise,RB,1,2017,Oatman
DeVante Parker,WR,1,2017,Oatman
Qunicy Enunwa,WR,2,2017,Oatman
Kareem Hunt,RB,1,2017,Oatman
John Ross,WR,1,2017,Oatman
Ben Roethlisberger,QB,4,2017,Kooper
Christian McCaffrey,RB,14,2017,Kooper
Lamar Miller,RB,40,2017,Kooper
Antonio Brown,WR,58,2017,Kooper
Jehu Chesson,WR,2,2017,Kooper
Eddie Lacy,RB,10,2017,Kooper
Rob Gronkowski,TE,34,2017,Kooper
Cairo Santos,K,2,2017,Kooper
Delanie Walker,TE,6,2017,Kooper
Tevin Coleman,RB,12,2017,Kooper
Cam Newton,QB,8,2017,Kooper
Martellus Bennett,TE,2,2017,Kooper
Jameis Winston,QB,2,2017,Kooper
Matt Stafford,QB,1,2017,Sirpi
DeMarco Murray,RB,42,2017,Sirpi
Devonta Freeman,RB,46,2017,Sirpi
Odell Beckham Jr.,WR,52,2017,Sirpi
Jordy Nelson,WR,48,2017,Sirpi
Jeremy Hill,RB,1,2017,Sirpi
Jack Doyle,TE,1,2017,Sirpi
Dan Bailey,K,1,2017,Sirpi
Corey Davis,WR,1,2017,Sirpi
Zay Jones,WR,1,2017,Sirpi
Robert Woods,WR,1,2017,Sirpi
Josh Doctson,WR,1,2017,Sirpi
Darren Sproles,RB,1,2017,Sirpi
Jamaal Williams,RB,1,2017,Sirpi
James Conner,RB,1,2017,Sirpi
Derek Carr,QB,5,2017,Badillo
David Johnson,RB,72,2017,Badillo
CJ Anderson,RB,11,2017,Badillo
Michael Thomas,WR,40,2017,Badillo
TY Hilton,WR,30,2017,Badillo
Eric Decker,WR,11,2017,Badillo
Travis Kelce,TE,11,2017,Badillo
Matt Prater,K,1,2017,Badillo
Derrick Henry,RB,3,2017,Badillo
Rob Kelley,RB,1,2017,Badillo
Golden Tate,WR,4,2017,Badillo
Will Fuller,WR,1,2017,Badillo
Eric Ebron,TE,2,2017,Badillo
Jonathan Stewart,RB,5,2017,Badillo
Carson Palmer,QB,1,2017,Badillo
Philip Rivers,QB,2,2018,Naki
Melvin Gordon,RB,52,2018,Naki
Jay Ajayi,RB,22,2018,Naki
Julio Jones,WR,53,2018,Naki
JuJu Smith-Schuster,WR,21,2018,Naki
Michael Crabtree,WR,7,2018,Naki
Zach Ertz,TE,18,2018,Naki
Justin Tucker,K,4,2018,Naki
Marquise Goodwin,WR,14,2018,Naki
Marlon Mack,RB,1,2018,Naki
Sterling Shepard,WR,1,2018,Naki
Austin Ekeler,RB,1,2018,Naki
Anthony Miller,WR,1,2018,Naki
Nick Chubb,RB,1,2018,Naki
Kirk Cousins,QB,3,2018,Alec
Kareem Hunt,RB,49,2018,Alec
Alex Collins,RB,20,2018,Alec
Odell Beckham Jr.,WR,51,2018,Alec
Allen Robinson,WR,20,2018,Alec
Kenyan Drake,RB,16,2018,Alec
Delanie Walker,TE,2,2018,Alec
Jake Elliot,K,2,2018,Alec
Chris Hogan,WR,14,2018,Alec
Mark Ingram,RB,4,2018,Alec
Carlos Hyde,RB,5,2018,Alec
Keelan Cole,WR,5,2018,Alec
Chris Thomspon,RB,3,2018,Alec
Jamaal Williams,RB,3,2018,Alec
Cam Newton,QB,7,2018,Mount
David Johnson,RB,63,2018,Mount
Devonta Freeman,RB,41,2018,Mount
Demaryius Thomas,WR,22,2018,Mount
Devin Funchess,WR,7,2018,Mount
Rex Burkhead,RB,15,2018,Mount
Rob Gronkowski,TE,29,2018,Mount
Matt Bryant,K,2,2018,Mount
Emmanuel Sanders,WR,4,2018,Mount
Patrick Mahomes,QB,1,2018,Mount
Tyler Lockett,WR,1,2018,Mount
Peyton Barber,RB,1,2018,Mount
Matt Breida,RB,1,2018,Mount
Allen Hurns,WR,2,2018,Mount
Drew Brees,QB,6,2018,Babcock
Christian McCaffrey,RB,41,2018,Babcock
Joe Mixon,RB,23,2018,Babcock
AJ Green,WR,36,2018,Babcock
Doug Baldwin,WR,16,2018,Babcock
Amari Cooper,WR,22,2018,Babcock
Jimmy Graham,TE,6,2018,Babcock
Graham Gano,K,1,2018,Babcock
Brandin Cooks,WR,18,2018,Babcock
Pierre Garcon,WR,2,2018,Babcock
Marshawn Lynch,RB,12,2018,Babcock
Kerryon Johnson,RB,1,2018,Babcock
George Kittle,TE,1,2018,Babcock
Chris Carson,RB,14,2018,Babcock
Andrew Luck,QB,10,2018,Casey
Todd Gurley,RB,67,2018,Casey
Derrick Henry,RB,28,2018,Casey
Michael Thomas,WR,38,2018,Casey
Larry Fitzgerald,WR,13,2018,Casey
TY Hilton,WR,25,2018,Casey
Greg Olsen,TE,6,2018,Casey
Chris Boswell,K,1,2018,Casey
Cooper Kupp,WR,1,2018,Casey
Randall Cobb,WR,1,2018,Casey
Jamison Crowder,WR,1,2018,Casey
Isaiah Crowell,RB,6,2018,Casey
Devontae Booker,WR,1,2018,Casey
Rashaad Penny,RB,1,2018,Casey
Tom Brady,QB,10,2018,Jordan
Ezekiel Elliott,RB,63,2018,Jordan
Alvin Kamara,RB,53,2018,Jordan
Mike Evans,WR,38,2018,Jordan
Jarvis Landry,WR,12,2018,Jordan
Doug Martin,RB,1,2018,Jordan
Evan Engram,TE,9,2018,Jordan
Wil Lutz,K,1,2018,Jordan
Deshaun Watson,QB,7,2018,Jordan
Kyle Rudolph,TE,1,2018,Jordan
Kenny Stills,WR,1,2018,Jordan
Danny Amendola,WR,1,2018,Jordan
Buck Allen,RB,1,2018,Jordan
Tyler Conklin,TE,1,2018,Jordan
Carson Wentz,QB,4,2018,Oatman
Saquon Barkley,RB,49,2018,Oatman
Royce Freeman,RB,10,2018,Oatman
Antonio Brown,WR,61,2018,Oatman
DeAndre Hopkins,WR,49,2018,Oatman
Dion Lewis,RB,4,2018,Oatman
Jordan Reed,TE,1,2018,Oatman
Robbie Gould,K,1,2018,Oatman
Robby Anderson,WR,3,2018,Oatman
Nelson Agholor,WR,2,2018,Oatman
Julian Edelman,WR,2,2018,Oatman
Jimmy Garoppolo,QB,2,2018,Oatman
Adrian Peterson,RB,7,2018,Oatman
Alfred Morris,RB,4,2018,Oatman
Jared Goff,QB,2,2018,Kooper
Leonard Fournette,RB,51,2018,Kooper
Dalvin Cook,RB,48,2018,Kooper
Davante Adams,WR,41,2018,Kooper
Adam Thielen,WR,32,2018,Kooper
Golden Tate,WR,7,2018,Kooper
Trey Burton,TE,4,2018,Kooper
Stephen Gostkowski,K,3,2018,Kooper
Jerrick McKinnon,RB,2,2018,Kooper
Robert Woods,WR,1,2018,Kooper
Sammy Watkins,WR,1,2018,Kooper
Duke Johnson,RB,1,2018,Kooper
Kelvin Benjamin,WR,1,2018,Kooper
Sony Michel,RB,1,2018,Kooper
Aaron Rodgers,QB,18,2018,Sirpi
Jordan Howard,RB,45,2018,Sirpi
Lamar Miller,RB,22,2018,Sirpi
Keenan Allen,WR,36,2018,Sirpi
Tyreek Hill,WR,25,2018,Sirpi
Stefon Diggs,WR,33,2018,Sirpi
Jack Doyle,TE,1,2018,Sirpi
Matt Prater,K,1,2018,Sirpi
Alshon Jeffery,WR,13,2018,Sirpi
Tarik Cohen,RB,1,2018,Sirpi
Cameron Meredith,WR,1,2018,Sirpi
Corey Clement,RB,1,2018,Sirpi
Latavius Murray,RB,1,2018,Sirpi
Aaron Jones,RB,1,2018,Sirpi
Russell Wilson,QB,11,2018,Badillo
LeVeon Bell,RB,64,2018,Badillo
LeSean McCoy,RB,31,2018,Badillo
Josh Gordon,WR,20,2018,Badillo
Marvin Jones,WR,14,2018,Badillo
Tevin Coleman,RB,13,2018,Badillo
Travis Kelce,TE,20,2018,Badillo
Greg Zuerlein,K,5,2018,Badillo
Corey Davis,WR,9,2018,Badillo
Jordy Nelson,WR,1,2018,Badillo
Will Fuller,WR,4,2018,Badillo
LeGarrette Blount,RB,1,2018,Badillo
James Conner,RB,1,2018,Badillo
Lamar Jackson,QB,1,2019,Naki
Chris Carson,RB,30,2019,Naki
James Conner,RB,51,2019,Naki
Julio Jones,WR,55,2019,Naki
Dante Pettis,WR,1,2019,Naki
Kerryon Johnson,RB,35,2019,Naki
OJ Howard,TE,11,2019,Naki
Justin Tucker,K,4,2019,Naki
David Njoku,TE,6,2019,Naki
N'Keal Harry,WR,1,2019,Naki
Kallen Ballage,RB,1,2019,Naki
Rashaad Penny,RB,1,2019,Naki
DeDe Westbrook,WR,1,2019,Naki
Tom Brady,QB,1,2019,Naki
Matt Ryan,QB,1,2019,Alec
Dalvin Cook,RB,46,2019,Alec
Nick Chubb,RB,53,2019,Alec
Antonio Brown,WR,38,2019,Alec
Adam Thielen,WR,12,2019,Alec
TY Hilton,WR,32,2019,Alec
Hunter Henry,TE,10,2019,Alec
Robbie Gould,K,1,2019,Alec
Christian Kirk,WR,1,2019,Alec
Miles Sanders,RB,1,2019,Alec
Kareem Hunt,RB,1,2019,Alec
Royce Freeman,RB,1,2019,Alec
Ronald Jones,RB,1,2019,Alec
Ito Smith,RB,1,2019,Alec
Kyler Murray,QB,2,2019,Mount
Sony Michel,RB,22,2019,Mount
Damien Williams,RB,28,2019,Mount
JuJu Smith-Schuster,WR,52,2019,Mount
Cooper Kupp,WR,14,2019,Mount
Julian Edelman,WR,9,2019,Mount
Evan Engram,TE,7,2019,Mount
Greg Zuerlein,K,11,2019,Mount
Stefon Diggs,WR,16,2019,Mount
Austin Ekeler,RB,4,2019,Mount
DeShaun Watson,QB,6,2019,Mount
David Montgomery,RB,8,2019,Mount
Chris Godwin,WR,8,2019,Mount
Tevin Coleman,RB,10,2019,Mount
Jameis Winston,QB,4,2019,Babcock
Leonard Fournette,RB,39,2019,Babcock
Ezekiel Elliott,RB,50,2019,Babcock
DK Metcalf,WR,2,2019,Babcock
Robert Woods,WR,5,2019,Babcock
Todd Gurley,RB,51,2019,Babcock
Jimmy Graham,TE,1,2019,Babcock
Stephen Gostkowski,K,2,2019,Babcock
Mark Ingram,RB,17,2019,Babcock
Cam Newton,QB,4,2019,Babcock
LeSean McCoy,RB,7,2019,Babcock
AJ Green,WR,8,2019,Babcock
Robby Anderson,WR,4,2019,Babcock
Matt Breida,RB,2,2019,Babcock
Andrew Luck,QB,8,2019,Casey
Saquon Barkley,RB,69,2019,Casey
Phillip Lindsay,RB,6,2019,Casey
Mike Evans,WR,46,2019,Casey
Tyreek Hill,WR,46,2019,Casey
James White,RB,9,2019,Casey
Eric Ebron,TE,4,2019,Casey
Wil Lutz,K,2,2019,Casey
Aaron Rodgers,QB,1,2019,Casey
Josh Gordon,WR,2,2019,Casey
Donte Moncrief,WR,1,2019,Casey
Darwin Thompson,RB,1,2019,Casey
Curtis Samuel,WR,1,2019,Casey
Peyton Barber,RB,1,2019,Casey
Jared Goff,QB,3,2019,Jordan
Melvin Gordon,RB,37,2019,Jordan
LeVeon Bell,RB,52,2019,Jordan
Michael Thomas,WR,50,2019,Jordan
Amari Cooper,WR,21,2019,Jordan
Derrick Henry,RB,21,2019,Jordan
Austin Hooper,TE,2,2019,Jordan
Ka'imi Fairbairn,K,1,2019,Jordan
Calvin Ridley,WR,2,2019,Jordan
Kenyan Drake,RB,2,2019,Jordan
Jared Cook,TE,2,2019,Jordan
Adrian Peterson,RB,2,2019,Jordan
Sammy Watkins,WR,1,2019,Jordan
Alshon Jeffery,WR,1,2019,Jordan
Baker Mayfield,QB,5,2019,Oatman
Derrius Guice,RB,1,2019,Oatman
Joe Mixon,RB,46,2019,Oatman
DeAndre Hopkins,WR,58,2019,Oatman
Odell Beckham Jr.,WR,54,2019,Oatman
Golden Tate,WR,2,2019,Oatman
Delanie Walker,TE,1,2019,Oatman
Adam Vinatieri,K,1,2019,Oatman
Brandin Cooks,WR,26,2019,Oatman
Jordan Howard,RB,1,2019,Oatman
Tarik Cohen,RB,1,2019,Oatman
Marvin Jones,WR,1,2019,Oatman
Corey Davis,WR,1,2019,Oatman
Sterling Shepard,WR,1,2019,Oatman
Patrick Mahomes,QB,17,2019,Kooper
Alvin Kamara,RB,70,2019,Kooper
Latavius Murray,RB,1,2019,Kooper
Will Fuller,WR,1,2019,Kooper
Jarvis Landry,WR,1,2019,Kooper
George Kittle,TE,30,2019,Kooper
Travis Kelce,TE,39,2019,Kooper
Brett Maher,K,1,2019,Kooper
Zach Ertz,TE,34,2019,Kooper
Dion Lewis,RB,1,2019,Kooper
Darrell Henderson,RB,1,2019,Kooper
Jamaal Williams,RB,1,2019,Kooper
Jalen Richard,RB,1,2019,Kooper
Philip Rivers,QB,1,2019,Sirpi
Christian McCaffrey,RB,70,2019,Sirpi
Josh Jacobs,RB,33,2019,Sirpi
Tyler Lockett,WR,16,2019,Sirpi
Keenan Allen,WR,30,2019,Sirpi
Vance McDonald,TE,1,2019,Sirpi
Marlon Mack,RB,27,2019,Sirpi
Mike Badgley,K,1,2019,Sirpi
Lamar Miller,RB,8,2019,Sirpi
DJ Moore,WR,8,2019,Sirpi
Tony Pollard,RB,1,2019,Sirpi
Russell Wilson,QB,1,2019,Sirpi
Justice Hill,RB,1,2019,Sirpi
Noah Fant,TE,1,2019,Sirpi
Carson Wentz,QB,4,2019,Badillo
David Johnson,RB,54,2019,Badillo
Devonta Freeman,RB,33,2019,Badillo
Davante Adams,WR,57,2019,Badillo
Tyler Boyd,WR,10,2019,Badillo
Aaron Jones,RB,31,2019,Badillo
Jordan Reed,TE,1,2019,Badillo
Harrison Butker,K,1,2019,Badillo
Kenny Golladay,WR,3,2019,Badillo
Jaylen Samuels,RB,1,2019,Badillo
Jack Doyle,TE,1,2019,Badillo
Nelson Agholor,WR,1,2019,Badillo
Marquez Valdes-Scantling,WR,1,2019,Badillo